B_T,M_muB_per_Yb,n_pixels,source
0.022453889334402566,0.017222222222222222,3,visible_curve
0.03929430633520449,0.021111111111111112,3,visible_curve
0.058941459502806735,0.027361111111111114,4,visible_curve
0.08139534883720931,0.037083333333333336,4,visible_curve
0.10104250200481153,0.045925925925925926,3,visible_curve
0.1206896551724138,0.05416666666666667,4,visible_curve
0.14033680834001605,0.06148148148148148,3,visible_curve
0.1599839615076183,0.07,4,visible_curve
0.17963111467522053,0.07796296296296296,3,visible_curve
0.19927826784282276,0.085,4,visible_curve
0.218925421010425,0.09296296296296296,3,visible_curve
0.23857257417802727,0.10013888888888889,4,visible_curve
0.26102646351242986,0.10791666666666666,4,visible_curve
0.2806736166800321,0.11555555555555556,3,visible_curve
0.30032076984763434,0.12236111111111111,4,visible_curve
0.3199679230152366,0.12888888888888891,3,visible_curve
0.3396150761828388,0.13541666666666666,4,visible_curve
0.35926222935044105,0.1424074074074074,3,visible_curve
0.3789093825180433,0.1486111111111111,4,visible_curve
0.4013632718524459,0.15611111111111112,4,visible_curve
0.42101042502004815,0.16185185185185183,3,visible_curve
0.4406575781876504,0.16833333333333333,4,visible_curve
0.4603047313552526,0.17351851851851852,3,visible_curve
0.47995188452285487,0.1798611111111111,4,visible_curve
0.4995990376904571,0.18537037037037038,3,visible_curve
0.5192461908580593,0.1913888888888889,4,visible_curve
0.5388933440256616,0.19666666666666666,3,visible_curve
0.5585404971932639,0.2026388888888889,4,visible_curve
0.5809943865276663,0.20833333333333334,4,visible_curve
0.6006415396952687,0.21388888888888888,3,visible_curve
0.6202886928628709,0.21944444444444444,4,visible_curve
0.6399358460304732,0.2248148148148148,3,visible_curve
0.6595829991980754,0.22986111111111113,4,visible_curve
0.6792301523656775,0.23537037037037037,3,visible_curve
0.6988773055332799,0.24027777777777778,4,visible_curve
0.7213311948676824,0.24638888888888888,4,visible_curve
0.7409783480352847,0.2512962962962963,3,visible_curve
0.7606255012028869,0.2563888888888889,4,visible_curve
0.7802726543704891,0.26092592592592595,3,visible_curve
0.7999198075380914,0.26583333333333337,4,visible_curve
0.8195669607056937,0.27092592592592596,3,visible_curve
0.8392141138732959,0.27569444444444446,4,visible_curve
0.8588612670408983,0.2801851851851852,3,visible_curve
0.8785084202085005,0.2851388888888889,4,visible_curve
0.9009623095429029,0.2906944444444444,4,visible_curve
0.9206094627105053,0.29518518518518516,3,visible_curve
0.9402566158781075,0.30000000000000004,4,visible_curve
0.9599037690457098,0.30444444444444446,3,visible_curve
0.979550922213312,0.30930555555555556,4,visible_curve
0.9991980753809142,0.3137037037037037,3,visible_curve
1.0188452285485163,0.31805555555555554,4,visible_curve
1.041299117882919,0.32305555555555554,4,visible_curve
1.0609462710505213,0.3277777777777778,3,visible_curve
1.0805934242181237,0.33166666666666667,4,visible_curve
1.1002405773857256,0.33574074074074073,3,visible_curve
1.119887730553328,0.34069444444444447,4,visible_curve
1.1395348837209303,0.34481481481481485,3,visible_curve
1.1591820368885326,0.34944444444444445,4,visible_curve
1.1788291900561347,0.3537037037037037,3,visible_curve
1.1984763432237369,0.3588888888888889,4,visible_curve
1.2209302325581395,0.36388888888888893,4,visible_curve
1.2405773857257418,0.3681481481481481,3,visible_curve
1.2602245388933442,0.3719444444444444,4,visible_curve
1.2798716920609463,0.37666666666666665,3,visible_curve
1.2995188452285484,0.3808333333333333,4,visible_curve
1.3191659983961508,0.385,3,visible_curve
1.3388131515637531,0.38916666666666666,4,visible_curve
1.3612670408981558,0.39375,4,visible_curve
1.3809141940657579,0.3977777777777778,3,visible_curve
1.40056134723336,0.40222222222222226,4,visible_curve
1.4202085004009621,0.4062962962962963,3,visible_curve
1.4398556535685647,0.41083333333333333,4,visible_curve
1.459502806736167,0.4146296296296296,3,visible_curve
1.479149959903769,0.41888888888888887,4,visible_curve
1.4987971130713713,0.42296296296296293,3,visible_curve
1.5184442662389737,0.42708333333333337,4,visible_curve
1.5408981555733763,0.43194444444444446,4,visible_curve
1.5605453087409782,0.4361111111111111,3,visible_curve
1.5801924619085805,0.4398611111111111,4,visible_curve
1.5998396150761829,0.44388888888888883,3,visible_curve
1.6194867682437852,0.4484722222222222,4,visible_curve
1.6391339214113874,0.45240740740740737,3,visible_curve
1.6587810745789895,0.45625,4,visible_curve
1.681234963913392,0.4613888888888889,4,visible_curve
1.7008821170809945,0.465,3,visible_curve
1.7205292702485968,0.46930555555555553,4,visible_curve
1.740176423416199,0.4735185185185185,3,visible_curve
1.759823576583801,0.4776388888888889,4,visible_curve
1.7794707297514034,0.48129629629629633,3,visible_curve
1.7991178829190058,0.48569444444444443,4,visible_curve
1.8215717722534082,0.4901388888888889,4,visible_curve
1.8412189254210105,0.49499999999999994,3,visible_curve
1.8608660785886126,0.49833333333333335,4,visible_curve
1.8805132317562148,0.5020370370370371,3,visible_curve
1.9001603849238173,0.5065277777777778,4,visible_curve
1.9198075380914197,0.5105555555555555,3,visible_curve
1.9394546912590216,0.5144444444444445,4,visible_curve
1.959101844426624,0.5185185185185185,3,visible_curve
1.9787489975942263,0.522361111111111,4,visible_curve
2.0012028869286285,0.5268055555555555,4,visible_curve
2.020850040096231,0.5309259259259259,3,visible_curve
2.040497193263833,0.5355555555555556,4,visible_curve
2.0601443464314353,0.5390740740740741,3,visible_curve
2.079791499599038,0.5429166666666667,4,visible_curve
2.09943865276664,0.5466666666666667,3,visible_curve
2.119085805934242,0.55125,4,visible_curve
2.1415396952686447,0.5554166666666667,4,visible_curve
2.161186848436247,0.5592592592592592,3,visible_curve
2.1808340016038494,0.5633333333333334,4,visible_curve
2.2004811547714516,0.5672222222222222,3,visible_curve
2.2201283079390537,0.5716666666666667,4,visible_curve
2.2397754611066563,0.5755555555555555,3,visible_curve
2.2594226142742584,0.5794444444444444,4,visible_curve
2.2790697674418605,0.5838888888888888,3,visible_curve
2.2987169206094626,0.5879166666666666,4,visible_curve
2.3211708099438653,0.5905555555555556,4,visible_curve
2.3408179631114674,0.5881481481481482,3,visible_curve
2.36046511627907,0.5886111111111112,4,visible_curve
2.587810745789896,0.6577777777777778,1,visible_curve
2.599037690457097,0.6583333333333333,3,visible_curve
2.6186848436246994,0.6594444444444445,4,visible_curve
2.641138732959102,0.6594444444444445,4,visible_curve
2.660785886126704,0.6616666666666666,3,visible_curve
2.6804330392943063,0.6638888888888889,4,visible_curve
2.700080192461909,0.6668518518518519,3,visible_curve
2.719727345629511,0.6713888888888889,4,visible_curve
2.739374498797113,0.6749999999999999,3,visible_curve
2.7590216519647153,0.6786111111111112,4,visible_curve
2.781475541299118,0.6831944444444444,4,visible_curve
2.80112269446672,0.6868518518518519,3,visible_curve
2.820769847634322,0.6909722222222222,4,visible_curve
2.8404170008019247,0.6946296296296296,3,visible_curve
2.860064153969527,0.69875,4,visible_curve
2.879711307137129,0.7022222222222222,3,visible_curve
2.8993584603047315,0.7055555555555555,4,visible_curve
2.919005613472334,0.71,3,visible_curve
2.938652766639936,0.7136111111111111,4,visible_curve
2.9611066559743384,0.7173611111111111,4,visible_curve
2.980753809141941,0.7207407407407408,3,visible_curve
3.000400962309543,0.725,4,visible_curve
3.0200481154771452,0.7281481481481481,3,visible_curve
3.0396952686447474,0.7323611111111111,4,visible_curve
3.0593424218123495,0.7355555555555555,3,visible_curve
3.078989574979952,0.7394444444444445,4,visible_curve
3.1014434643143547,0.7438888888888888,4,visible_curve
3.1210906174819564,0.7475925925925927,3,visible_curve
3.140737770649559,0.7509722222222223,4,visible_curve
3.1603849238171615,0.755,3,visible_curve
3.1800320769847636,0.7583333333333333,4,visible_curve
3.1996792301523658,0.762037037037037,3,visible_curve
3.219326383319968,0.7652777777777777,4,visible_curve
3.2389735364875705,0.7690740740740741,3,visible_curve
3.2586206896551726,0.7722222222222221,4,visible_curve
3.2810745789895748,0.7765277777777778,4,visible_curve
3.3007217321571773,0.7801851851851852,3,visible_curve
3.3203688853247795,0.7834722222222222,4,visible_curve
3.3400160384923816,0.7870370370370371,3,visible_curve
3.359663191659984,0.7908333333333333,4,visible_curve
3.379310344827586,0.7940740740740742,3,visible_curve
3.3989574979951884,0.7973611111111112,4,visible_curve
3.421411387329591,0.8018055555555555,4,visible_curve
3.441058540497193,0.8048148148148148,3,visible_curve
3.4607056936647957,0.8086111111111112,4,visible_curve
3.480352846832398,0.8116666666666666,3,visible_curve
3.5,0.8152777777777778,4,visible_curve
3.519647153167602,0.8188888888888889,3,visible_curve
3.5392943063352047,0.8219444444444445,4,visible_curve
3.558941459502807,0.8255555555555555,3,visible_curve
3.578588612670409,0.82875,4,visible_curve
3.6010425020048116,0.8327777777777778,4,visible_curve
3.620689655172414,0.8359259259259259,3,visible_curve
3.640336808340016,0.8390277777777777,4,visible_curve
3.6599839615076184,0.8427777777777777,3,visible_curve
3.6796311146752205,0.8459722222222222,4,visible_curve
3.6992782678428227,0.8487037037037037,3,visible_curve
3.7189254210104252,0.8522222222222222,4,visible_curve
3.7413793103448274,0.8556944444444444,4,visible_curve
3.76102646351243,0.8587037037037036,3,visible_curve
3.780673616680032,0.8618055555555555,4,visible_curve
3.8003207698476342,0.8650000000000001,3,visible_curve
3.819967923015237,0.8677777777777778,4,visible_curve
3.8396150761828394,0.8711111111111111,3,visible_curve
3.859262229350441,0.8743055555555556,4,visible_curve
3.8789093825180436,0.8770370370370371,3,visible_curve
3.8985565356856458,0.8801388888888889,4,visible_curve
3.9210104250200484,0.883888888888889,4,visible_curve
3.9406575781876505,0.8862962962962962,3,visible_curve
3.9603047313552526,0.8893055555555556,4,visible_curve
3.9799518845228548,0.8924074074074074,3,visible_curve
3.999599037690457,0.8951388888888889,4,visible_curve
4.019246190858059,0.8981481481481483,3,visible_curve
4.038893344025662,0.9011111111111111,4,visible_curve
4.061347233360064,0.9044444444444444,4,visible_curve
4.080994386527666,0.907037037037037,3,visible_curve
4.1006415396952685,0.9098611111111111,4,visible_curve
4.120288692862871,0.9127777777777778,3,visible_curve
4.139935846030474,0.9148611111111111,4,visible_curve
4.159582999198076,0.9177777777777778,3,visible_curve
4.179230152365678,0.9204166666666667,4,visible_curve
4.19887730553328,0.9231481481481482,3,visible_curve
4.218524458700882,0.9259722222222222,4,visible_curve
4.240978348035284,0.9288888888888889,4,visible_curve
4.260625501202887,0.9316666666666666,3,visible_curve
4.280272654370489,0.9344444444444444,4,visible_curve
4.2999198075380916,0.9374074074074074,3,visible_curve
4.319566960705694,0.9394444444444444,4,visible_curve
4.339214113873296,0.9418518518518519,3,visible_curve
4.358861267040898,0.9443055555555555,4,visible_curve
4.381315156375301,0.9470833333333333,4,visible_curve
4.400962309542903,0.9496296296296296,3,visible_curve
4.420609462710505,0.9519444444444445,4,visible_curve
4.440256615878108,0.9542592592592593,3,visible_curve
4.4599037690457095,0.9568055555555556,4,visible_curve
4.4795509222133125,0.9592592592592593,3,visible_curve
4.499198075380915,0.9612499999999999,4,visible_curve
4.518845228548517,0.9638888888888889,3,visible_curve
4.538492381716119,0.9658333333333333,4,visible_curve
4.560946271050521,0.9688888888888889,4,visible_curve
4.580593424218123,0.970925925925926,3,visible_curve
4.600240577385726,0.9734722222222222,4,visible_curve
4.6198877305533275,0.9751851851851852,3,visible_curve
4.6395348837209305,0.9773611111111111,4,visible_curve
4.659182036888533,0.9792592592592593,3,visible_curve
4.678829190056135,0.9815277777777778,4,visible_curve
4.701283079390537,0.9838888888888889,4,visible_curve
4.72093023255814,0.985925925925926,3,visible_curve
4.740577385725742,0.9877777777777778,4,visible_curve
4.760224538893344,0.9898148148148148,3,visible_curve
4.779871692060946,0.9920833333333333,4,visible_curve
4.799518845228548,0.9937037037037038,3,visible_curve
4.819165998396151,0.9959722222222223,4,visible_curve
4.838813151563753,0.9975925925925925,3,visible_curve
4.858460304731356,0.9998611111111111,4,visible_curve
4.880914194065758,1.0020833333333332,4,visible_curve
4.90056134723336,1.0040740740740741,3,visible_curve
4.920208500400962,1.0054166666666666,4,visible_curve
4.939855653568564,1.007037037037037,3,visible_curve
4.959502806736167,1.0086111111111111,4,visible_curve
4.979149959903769,1.0107407407407407,3,visible_curve
4.9987971130713715,1.012361111111111,4,visible_curve
5.021251002405774,1.0144444444444445,4,visible_curve
5.040898155573376,1.0159259259259261,3,visible_curve
5.060545308740979,1.0175,4,visible_curve
5.080192461908581,1.0192592592592593,3,visible_curve
5.099839615076183,1.0209722222222222,4,visible_curve
5.119486768243785,1.0227777777777778,3,visible_curve
5.139133921411387,1.0241666666666667,4,visible_curve
5.1587810745789895,1.0261111111111112,3,visible_curve
5.178428227746592,1.0272222222222223,4,visible_curve
5.200882117080995,1.0290277777777779,4,visible_curve
5.220529270248597,1.030925925925926,3,visible_curve
5.240176423416199,1.0319444444444446,4,visible_curve
5.259823576583801,1.0338888888888889,3,visible_curve
5.279470729751403,1.0352777777777777,4,visible_curve
5.299117882919005,1.0364814814814816,3,visible_curve
5.318765036086608,1.0379166666666666,4,visible_curve
5.3412189254210105,1.0393055555555555,4,visible_curve
5.3608660785886135,1.0409259259259258,3,visible_curve
5.380513231756215,1.042638888888889,4,visible_curve
5.400160384923818,1.0438888888888889,3,visible_curve
5.419807538091419,1.0451388888888888,4,visible_curve
5.439454691259022,1.0457407407407409,3,visible_curve
5.459101844426624,1.0473611111111112,4,visible_curve
5.481555733761026,1.0493055555555555,4,visible_curve
5.5012028869286285,1.0507407407407408,3,visible_curve
5.5208500400962315,1.0520833333333335,4,visible_curve
5.540497193263833,1.0531481481481482,3,visible_curve
5.560144346431436,1.0538888888888889,4,visible_curve
5.579791499599037,1.055,3,visible_curve
5.59943865276664,1.0568055555555556,4,visible_curve
5.619085805934243,1.0575925925925926,3,visible_curve
5.638732959101844,1.0595833333333333,4,visible_curve
5.661186848436247,1.0605555555555555,4,visible_curve
5.680834001603849,1.0614814814814817,3,visible_curve
5.700481154771452,1.0629166666666667,4,visible_curve
5.720128307939054,1.0637037037037036,3,visible_curve
5.739775461106656,1.0651388888888889,4,visible_curve
5.759422614274258,1.0662962962962963,3,visible_curve
5.779069767441861,1.0670833333333334,4,visible_curve
5.801523656776263,1.0686111111111112,4,visible_curve
5.821170809943865,1.0694444444444444,3,visible_curve
5.840817963111467,1.0708333333333333,4,visible_curve
5.8604651162790695,1.0712962962962964,3,visible_curve
5.880112269446672,1.0727777777777778,4,visible_curve
5.899759422614274,1.073888888888889,3,visible_curve
5.919406575781877,1.0752777777777778,4,visible_curve
5.939053728949479,1.0757407407407407,3,visible_curve
5.958700882117081,1.0766666666666667,4,visible_curve
5.981154771451484,1.0781944444444445,4,visible_curve
6.000801924619086,1.0788888888888888,3,visible_curve
6.020449077786688,1.0797222222222222,4,visible_curve
6.0400962309542905,1.0805555555555555,3,visible_curve
6.059743384121893,1.0816666666666668,4,visible_curve
6.079390537289495,1.0827777777777778,3,visible_curve
6.099037690457097,1.083888888888889,4,visible_curve
6.1214915797915,1.0845833333333335,4,visible_curve
6.141138732959102,1.0853703703703703,3,visible_curve
6.160785886126704,1.0865277777777778,4,visible_curve
6.180433039294307,1.087037037037037,3,visible_curve
6.2000801924619084,1.0879166666666666,4,visible_curve
6.219727345629511,1.0887037037037037,3,visible_curve
6.239374498797114,1.0893055555555555,4,visible_curve
6.259021651964716,1.0903703703703702,3,visible_curve
6.278668805132318,1.09125,4,visible_curve
6.30112269446672,1.0925,4,visible_curve
6.320769847634323,1.0935185185185186,3,visible_curve
6.340417000801924,1.0944444444444446,4,visible_curve
6.360064153969527,1.0951851851851853,3,visible_curve
6.379711307137129,1.0955555555555556,4,visible_curve
6.3993584603047315,1.0959259259259257,3,visible_curve
6.419005613472334,1.0969444444444445,4,visible_curve
6.441459502806737,1.0984722222222223,4,visible_curve
6.461106655974338,1.099074074074074,3,visible_curve
6.480753809141941,1.0997222222222223,4,visible_curve
6.500400962309544,1.1001851851851852,3,visible_curve
6.520048115477145,1.1011111111111112,4,visible_curve
6.539695268644748,1.1022222222222222,3,visible_curve
6.5593424218123495,1.1027777777777779,4,visible_curve
6.5789895749799525,1.1033333333333333,3,visible_curve
6.598636728147555,1.103611111111111,4,visible_curve
6.621090617481957,1.1047222222222222,4,visible_curve
6.640737770649559,1.1055555555555556,3,visible_curve
6.660384923817161,1.106111111111111,4,visible_curve
6.680032076984763,1.1070370370370373,3,visible_curve
6.699679230152366,1.1077777777777778,4,visible_curve
6.7193263833199675,1.1077777777777778,3,visible_curve
6.7389735364875705,1.1087500000000001,4,visible_curve
6.761427425821973,1.11,4,visible_curve
6.781074578989575,1.1105555555555555,3,visible_curve
6.800721732157177,1.1111111111111112,4,visible_curve
6.82036888532478,1.1118518518518519,3,visible_curve
6.840016038492382,1.1125,4,visible_curve
6.859663191659984,1.1133333333333333,3,visible_curve
6.879310344827586,1.113611111111111,4,visible_curve
6.898957497995188,1.1144444444444443,3,visible_curve
6.9186046511627906,1.114861111111111,4,visible_curve
6.941058540497194,1.1155555555555556,4,visible_curve
6.960705693664796,1.1162962962962963,3,visible_curve
6.974739374498798,1.1169444444444445,2,visible_curve
