B_T,M_muB_per_Yb,M_err_muB_per_Yb,T_sample_K,moment_column,mass_mg,source_file,M_muB_per_Yb_fixed_ctr_SUPERSEDED
2.82055e-05,-0.00200938,9.96167e-05,0.4755,DC Moment Free Ctr (emu),12.20,YbZnGaO_Bpara001_12.2mg_MvH_0.4K_10042025.dat,-0.00139514
0.0249901,0.0141251,0.000699844,0.4951,DC Moment Free Ctr (emu),12.20,YbZnGaO_Bpara001_12.2mg_MvH_0.4K_10042025.dat,0.00955552
0.0499597,0.0303057,0.00150124,0.4832,DC Moment Free Ctr (emu),12.20,YbZnGaO_Bpara001_12.2mg_MvH_0.4K_10042025.dat,0.0205276
0.0749729,0.0468197,0.00231941,0.4791,DC Moment Free Ctr (emu),12.20,YbZnGaO_Bpara001_12.2mg_MvH_0.4K_10042025.dat,0.0317292
0.0999797,0.0630111,0.00312134,0.4549,DC Moment Free Ctr (emu),12.20,YbZnGaO_Bpara001_12.2mg_MvH_0.4K_10042025.dat,0.0425709
0.124953,0.0786085,0.00389385,0.4652,DC Moment Free Ctr (emu),12.20,YbZnGaO_Bpara001_12.2mg_MvH_0.4K_10042025.dat,0.0531237
0.149975,0.0941919,0.0046659,0.4622,DC Moment Free Ctr (emu),12.20,YbZnGaO_Bpara001_12.2mg_MvH_0.4K_10042025.dat,0.0636132
0.174955,0.109043,0.00540164,0.4602,DC Moment Free Ctr (emu),12.20,YbZnGaO_Bpara001_12.2mg_MvH_0.4K_10042025.dat,0.0735926
0.199968,0.123549,0.00612026,0.4590,DC Moment Free Ctr (emu),12.20,YbZnGaO_Bpara001_12.2mg_MvH_0.4K_10042025.dat,0.083312
0.224979,0.137791,0.00682571,0.4450,DC Moment Free Ctr (emu),12.20,YbZnGaO_Bpara001_12.2mg_MvH_0.4K_10042025.dat,0.0929141
0.249968,0.151704,0.0075148,0.4524,DC Moment Free Ctr (emu),12.20,YbZnGaO_Bpara001_12.2mg_MvH_0.4K_10042025.dat,0.102223
0.274961,0.165233,0.00818491,0.4463,DC Moment Free Ctr (emu),12.20,YbZnGaO_Bpara001_12.2mg_MvH_0.4K_10042025.dat,0.111254
0.299961,0.178371,0.00883564,0.4479,DC Moment Free Ctr (emu),12.20,YbZnGaO_Bpara001_12.2mg_MvH_0.4K_10042025.dat,0.120061
0.324969,0.191265,0.00947437,0.4341,DC Moment Free Ctr (emu),12.20,YbZnGaO_Bpara001_12.2mg_MvH_0.4K_10042025.dat,0.128712
0.349958,0.203876,0.0100991,0.4313,DC Moment Free Ctr (emu),12.20,YbZnGaO_Bpara001_12.2mg_MvH_0.4K_10042025.dat,0.137158
0.374962,0.216154,0.0107073,0.4355,DC Moment Free Ctr (emu),12.20,YbZnGaO_Bpara001_12.2mg_MvH_0.4K_10042025.dat,0.145383
0.399968,0.228074,0.0112978,0.4417,DC Moment Free Ctr (emu),12.20,YbZnGaO_Bpara001_12.2mg_MvH_0.4K_10042025.dat,0.153395
0.424964,0.239819,0.0118797,0.4461,DC Moment Free Ctr (emu),12.20,YbZnGaO_Bpara001_12.2mg_MvH_0.4K_10042025.dat,0.161243
0.449957,0.251263,0.0124466,0.4305,DC Moment Free Ctr (emu),12.20,YbZnGaO_Bpara001_12.2mg_MvH_0.4K_10042025.dat,0.168925
0.474958,0.26267,0.0130117,0.4399,DC Moment Free Ctr (emu),12.20,YbZnGaO_Bpara001_12.2mg_MvH_0.4K_10042025.dat,0.176565
0.499964,0.273691,0.0135577,0.4382,DC Moment Free Ctr (emu),12.20,YbZnGaO_Bpara001_12.2mg_MvH_0.4K_10042025.dat,0.183931
0.524958,0.284593,0.0140977,0.4418,DC Moment Free Ctr (emu),12.20,YbZnGaO_Bpara001_12.2mg_MvH_0.4K_10042025.dat,0.191241
0.549949,0.295219,0.0146242,0.4455,DC Moment Free Ctr (emu),12.20,YbZnGaO_Bpara001_12.2mg_MvH_0.4K_10042025.dat,0.198362
0.574951,0.305609,0.0151389,0.4493,DC Moment Free Ctr (emu),12.20,YbZnGaO_Bpara001_12.2mg_MvH_0.4K_10042025.dat,0.205325
0.599976,0.315961,0.0156518,0.4451,DC Moment Free Ctr (emu),12.20,YbZnGaO_Bpara001_12.2mg_MvH_0.4K_10042025.dat,0.212255
0.624967,0.326214,0.0161598,0.4476,DC Moment Free Ctr (emu),12.20,YbZnGaO_Bpara001_12.2mg_MvH_0.4K_10042025.dat,0.219112
0.649958,0.336211,0.0166551,0.4452,DC Moment Free Ctr (emu),12.20,YbZnGaO_Bpara001_12.2mg_MvH_0.4K_10042025.dat,0.225793
0.674981,0.346115,0.0171458,0.4473,DC Moment Free Ctr (emu),12.20,YbZnGaO_Bpara001_12.2mg_MvH_0.4K_10042025.dat,0.2325
0.699971,0.355839,0.0176275,0.4484,DC Moment Free Ctr (emu),12.20,YbZnGaO_Bpara001_12.2mg_MvH_0.4K_10042025.dat,0.238941
0.724961,0.365475,0.018105,0.4488,DC Moment Free Ctr (emu),12.20,YbZnGaO_Bpara001_12.2mg_MvH_0.4K_10042025.dat,0.245476
0.749965,0.374995,0.0185766,0.4483,DC Moment Free Ctr (emu),12.20,YbZnGaO_Bpara001_12.2mg_MvH_0.4K_10042025.dat,0.251818
0.774968,0.384581,0.0190515,0.4297,DC Moment Free Ctr (emu),12.20,YbZnGaO_Bpara001_12.2mg_MvH_0.4K_10042025.dat,0.258205
0.799961,0.393951,0.0195159,0.4450,DC Moment Free Ctr (emu),12.20,YbZnGaO_Bpara001_12.2mg_MvH_0.4K_10042025.dat,0.264496
0.824965,0.403057,0.0199671,0.4270,DC Moment Free Ctr (emu),12.20,YbZnGaO_Bpara001_12.2mg_MvH_0.4K_10042025.dat,0.270545
0.849955,0.41236,0.0204281,0.4248,DC Moment Free Ctr (emu),12.20,YbZnGaO_Bpara001_12.2mg_MvH_0.4K_10042025.dat,0.276883
0.874958,0.421421,0.0208772,0.4258,DC Moment Free Ctr (emu),12.20,YbZnGaO_Bpara001_12.2mg_MvH_0.4K_10042025.dat,0.282932
0.899966,0.430425,0.0213231,0.4418,DC Moment Free Ctr (emu),12.20,YbZnGaO_Bpara001_12.2mg_MvH_0.4K_10042025.dat,0.288971
0.924961,0.439165,0.0217563,0.4256,DC Moment Free Ctr (emu),12.20,YbZnGaO_Bpara001_12.2mg_MvH_0.4K_10042025.dat,0.294803
0.949959,0.448032,0.0221957,0.4376,DC Moment Free Ctr (emu),12.20,YbZnGaO_Bpara001_12.2mg_MvH_0.4K_10042025.dat,0.300765
0.974979,0.456628,0.0226215,0.4391,DC Moment Free Ctr (emu),12.20,YbZnGaO_Bpara001_12.2mg_MvH_0.4K_10042025.dat,0.306247
0.999953,0.465257,0.0230494,0.4251,DC Moment Free Ctr (emu),12.20,YbZnGaO_Bpara001_12.2mg_MvH_0.4K_10042025.dat,0.312174
1.02496,0.474094,0.0234873,0.4225,DC Moment Free Ctr (emu),12.20,YbZnGaO_Bpara001_12.2mg_MvH_0.4K_10042025.dat,0.318165
1.04995,0.482596,0.0239087,0.4235,DC Moment Free Ctr (emu),12.20,YbZnGaO_Bpara001_12.2mg_MvH_0.4K_10042025.dat,0.323953
1.07497,0.490935,0.024322,0.4392,DC Moment Free Ctr (emu),12.20,YbZnGaO_Bpara001_12.2mg_MvH_0.4K_10042025.dat,0.3294
1.09998,0.499212,0.0247322,0.4264,DC Moment Free Ctr (emu),12.20,YbZnGaO_Bpara001_12.2mg_MvH_0.4K_10042025.dat,0.33493
1.12495,0.506056,0.025072,0.4740,DC Moment Free Ctr (emu),12.20,YbZnGaO_Bpara001_12.2mg_MvH_0.4K_10042025.dat,0.339206
1.14996,0.515915,0.025562,0.4445,DC Moment Free Ctr (emu),12.20,YbZnGaO_Bpara001_12.2mg_MvH_0.4K_10042025.dat,0.346378
1.17495,0.524445,0.0259848,0.4376,DC Moment Free Ctr (emu),12.20,YbZnGaO_Bpara001_12.2mg_MvH_0.4K_10042025.dat,0.352186
1.19998,0.532721,0.0263953,0.4355,DC Moment Free Ctr (emu),12.20,YbZnGaO_Bpara001_12.2mg_MvH_0.4K_10042025.dat,0.357759
1.22498,0.541034,0.0268074,0.4341,DC Moment Free Ctr (emu),12.20,YbZnGaO_Bpara001_12.2mg_MvH_0.4K_10042025.dat,0.363411
1.24995,0.548839,0.0271928,0.4291,DC Moment Free Ctr (emu),12.20,YbZnGaO_Bpara001_12.2mg_MvH_0.4K_10042025.dat,0.369067
1.27495,0.556831,0.0275876,0.4279,DC Moment Free Ctr (emu),12.20,YbZnGaO_Bpara001_12.2mg_MvH_0.4K_10042025.dat,0.374118
1.29997,0.565012,0.0279927,0.4336,DC Moment Free Ctr (emu),12.20,YbZnGaO_Bpara001_12.2mg_MvH_0.4K_10042025.dat,0.379301
1.32497,0.572901,0.028384,0.4359,DC Moment Free Ctr (emu),12.20,YbZnGaO_Bpara001_12.2mg_MvH_0.4K_10042025.dat,0.384856
1.34999,0.580957,0.0287833,0.4361,DC Moment Free Ctr (emu),12.20,YbZnGaO_Bpara001_12.2mg_MvH_0.4K_10042025.dat,0.390129
1.37497,0.588974,0.0291805,0.4372,DC Moment Free Ctr (emu),12.20,YbZnGaO_Bpara001_12.2mg_MvH_0.4K_10042025.dat,0.395587
1.39997,0.596888,0.0295727,0.4484,DC Moment Free Ctr (emu),12.20,YbZnGaO_Bpara001_12.2mg_MvH_0.4K_10042025.dat,0.40088
1.42498,0.604735,0.0299612,0.4312,DC Moment Free Ctr (emu),12.20,YbZnGaO_Bpara001_12.2mg_MvH_0.4K_10042025.dat,0.406107
1.44996,0.61283,0.0303624,0.4388,DC Moment Free Ctr (emu),12.20,YbZnGaO_Bpara001_12.2mg_MvH_0.4K_10042025.dat,0.411491
1.47497,0.620743,0.0307544,0.4280,DC Moment Free Ctr (emu),12.20,YbZnGaO_Bpara001_12.2mg_MvH_0.4K_10042025.dat,0.416593
1.49996,0.628592,0.0311435,0.4271,DC Moment Free Ctr (emu),12.20,YbZnGaO_Bpara001_12.2mg_MvH_0.4K_10042025.dat,0.421931
1.52496,0.636456,0.0315331,0.4456,DC Moment Free Ctr (emu),12.20,YbZnGaO_Bpara001_12.2mg_MvH_0.4K_10042025.dat,0.427155
1.54997,0.644274,0.0319207,0.4446,DC Moment Free Ctr (emu),12.20,YbZnGaO_Bpara001_12.2mg_MvH_0.4K_10042025.dat,0.432575
1.57496,0.651969,0.0323018,0.4277,DC Moment Free Ctr (emu),12.20,YbZnGaO_Bpara001_12.2mg_MvH_0.4K_10042025.dat,0.437599
1.59996,0.659844,0.032692,0.4456,DC Moment Free Ctr (emu),12.20,YbZnGaO_Bpara001_12.2mg_MvH_0.4K_10042025.dat,0.442963
1.62497,0.667612,0.033077,0.4512,DC Moment Free Ctr (emu),12.20,YbZnGaO_Bpara001_12.2mg_MvH_0.4K_10042025.dat,0.448022
1.64997,0.67534,0.0334598,0.4480,DC Moment Free Ctr (emu),12.20,YbZnGaO_Bpara001_12.2mg_MvH_0.4K_10042025.dat,0.453312
1.67497,0.68309,0.0338436,0.4451,DC Moment Free Ctr (emu),12.20,YbZnGaO_Bpara001_12.2mg_MvH_0.4K_10042025.dat,0.458422
1.69995,0.690662,0.034219,0.4288,DC Moment Free Ctr (emu),12.20,YbZnGaO_Bpara001_12.2mg_MvH_0.4K_10042025.dat,0.463552
1.72496,0.698656,0.034615,0.4275,DC Moment Free Ctr (emu),12.20,YbZnGaO_Bpara001_12.2mg_MvH_0.4K_10042025.dat,0.469072
1.74995,0.706342,0.0349957,0.4422,DC Moment Free Ctr (emu),12.20,YbZnGaO_Bpara001_12.2mg_MvH_0.4K_10042025.dat,0.473975
1.77496,0.713961,0.0353738,0.4474,DC Moment Free Ctr (emu),12.20,YbZnGaO_Bpara001_12.2mg_MvH_0.4K_10042025.dat,0.479578
1.79996,0.721767,0.0357602,0.4467,DC Moment Free Ctr (emu),12.20,YbZnGaO_Bpara001_12.2mg_MvH_0.4K_10042025.dat,0.484667
1.82496,0.729439,0.0361404,0.4476,DC Moment Free Ctr (emu),12.20,YbZnGaO_Bpara001_12.2mg_MvH_0.4K_10042025.dat,0.48985
1.84996,0.737029,0.0365165,0.4279,DC Moment Free Ctr (emu),12.20,YbZnGaO_Bpara001_12.2mg_MvH_0.4K_10042025.dat,0.494782
1.87496,0.744793,0.0369012,0.4258,DC Moment Free Ctr (emu),12.20,YbZnGaO_Bpara001_12.2mg_MvH_0.4K_10042025.dat,0.500145
1.89995,0.752417,0.0372791,0.4397,DC Moment Free Ctr (emu),12.20,YbZnGaO_Bpara001_12.2mg_MvH_0.4K_10042025.dat,0.505138
1.92496,0.759899,0.0376499,0.4270,DC Moment Free Ctr (emu),12.20,YbZnGaO_Bpara001_12.2mg_MvH_0.4K_10042025.dat,0.510294
1.94998,0.767813,0.0380422,0.4258,DC Moment Free Ctr (emu),12.20,YbZnGaO_Bpara001_12.2mg_MvH_0.4K_10042025.dat,0.515433
1.97495,0.775457,0.0384205,0.4396,DC Moment Free Ctr (emu),12.20,YbZnGaO_Bpara001_12.2mg_MvH_0.4K_10042025.dat,0.520312
1.99995,0.783141,0.038802,0.4259,DC Moment Free Ctr (emu),12.20,YbZnGaO_Bpara001_12.2mg_MvH_0.4K_10042025.dat,0.525677
2.02495,0.790748,0.039179,0.4249,DC Moment Free Ctr (emu),12.20,YbZnGaO_Bpara001_12.2mg_MvH_0.4K_10042025.dat,0.530841
2.04996,0.797599,0.0395193,0.4446,DC Moment Free Ctr (emu),12.20,YbZnGaO_Bpara001_12.2mg_MvH_0.4K_10042025.dat,0.535412
2.07497,0.8059,0.0399299,0.4284,DC Moment Free Ctr (emu),12.20,YbZnGaO_Bpara001_12.2mg_MvH_0.4K_10042025.dat,0.541006
2.09995,0.813598,0.0403114,0.4433,DC Moment Free Ctr (emu),12.20,YbZnGaO_Bpara001_12.2mg_MvH_0.4K_10042025.dat,0.546137
2.12495,0.820665,0.0406607,0.4276,DC Moment Free Ctr (emu),12.20,YbZnGaO_Bpara001_12.2mg_MvH_0.4K_10042025.dat,0.550469
2.14997,0.828704,0.0410598,0.4248,DC Moment Free Ctr (emu),12.20,YbZnGaO_Bpara001_12.2mg_MvH_0.4K_10042025.dat,0.55626
2.17497,0.83624,0.0414334,0.4244,DC Moment Free Ctr (emu),12.20,YbZnGaO_Bpara001_12.2mg_MvH_0.4K_10042025.dat,0.561232
2.19995,0.843901,0.0418131,0.4245,DC Moment Free Ctr (emu),12.20,YbZnGaO_Bpara001_12.2mg_MvH_0.4K_10042025.dat,0.566389
2.22497,0.85135,0.0421825,0.4419,DC Moment Free Ctr (emu),12.20,YbZnGaO_Bpara001_12.2mg_MvH_0.4K_10042025.dat,0.57139
2.24997,0.858758,0.0425494,0.4479,DC Moment Free Ctr (emu),12.20,YbZnGaO_Bpara001_12.2mg_MvH_0.4K_10042025.dat,0.576496
2.27498,0.866386,0.0429271,0.4280,DC Moment Free Ctr (emu),12.20,YbZnGaO_Bpara001_12.2mg_MvH_0.4K_10042025.dat,0.58157
2.29997,0.873942,0.0433017,0.4378,DC Moment Free Ctr (emu),12.20,YbZnGaO_Bpara001_12.2mg_MvH_0.4K_10042025.dat,0.586614
2.32498,0.881716,0.0436872,0.4486,DC Moment Free Ctr (emu),12.20,YbZnGaO_Bpara001_12.2mg_MvH_0.4K_10042025.dat,0.591999
2.34995,0.888909,0.0440435,0.4294,DC Moment Free Ctr (emu),12.20,YbZnGaO_Bpara001_12.2mg_MvH_0.4K_10042025.dat,0.5967
2.37497,0.896491,0.0444191,0.4463,DC Moment Free Ctr (emu),12.20,YbZnGaO_Bpara001_12.2mg_MvH_0.4K_10042025.dat,0.601815
2.39997,0.903824,0.0447825,0.4488,DC Moment Free Ctr (emu),12.20,YbZnGaO_Bpara001_12.2mg_MvH_0.4K_10042025.dat,0.606382
2.42497,0.911418,0.045159,0.4487,DC Moment Free Ctr (emu),12.20,YbZnGaO_Bpara001_12.2mg_MvH_0.4K_10042025.dat,0.611535
2.44996,0.918888,0.0455295,0.4493,DC Moment Free Ctr (emu),12.20,YbZnGaO_Bpara001_12.2mg_MvH_0.4K_10042025.dat,0.616784
2.47496,0.926542,0.0459088,0.4457,DC Moment Free Ctr (emu),12.20,YbZnGaO_Bpara001_12.2mg_MvH_0.4K_10042025.dat,0.62206
2.49997,0.933914,0.0462738,0.4503,DC Moment Free Ctr (emu),12.20,YbZnGaO_Bpara001_12.2mg_MvH_0.4K_10042025.dat,0.626755
2.52496,0.940994,0.0466251,0.4540,DC Moment Free Ctr (emu),12.20,YbZnGaO_Bpara001_12.2mg_MvH_0.4K_10042025.dat,0.6314
2.54996,0.948547,0.0469997,0.4531,DC Moment Free Ctr (emu),12.20,YbZnGaO_Bpara001_12.2mg_MvH_0.4K_10042025.dat,0.636773
2.57497,0.955651,0.0473521,0.4306,DC Moment Free Ctr (emu),12.20,YbZnGaO_Bpara001_12.2mg_MvH_0.4K_10042025.dat,0.641364
2.59997,0.963086,0.0477207,0.4499,DC Moment Free Ctr (emu),12.20,YbZnGaO_Bpara001_12.2mg_MvH_0.4K_10042025.dat,0.646595
2.62496,0.970833,0.0481043,0.4488,DC Moment Free Ctr (emu),12.20,YbZnGaO_Bpara001_12.2mg_MvH_0.4K_10042025.dat,0.651732
2.64997,0.977919,0.0484544,0.4308,DC Moment Free Ctr (emu),12.20,YbZnGaO_Bpara001_12.2mg_MvH_0.4K_10042025.dat,0.656283
2.67497,0.984969,0.048805,0.4440,DC Moment Free Ctr (emu),12.20,YbZnGaO_Bpara001_12.2mg_MvH_0.4K_10042025.dat,0.661065
2.69997,0.992372,0.0491724,0.4456,DC Moment Free Ctr (emu),12.20,YbZnGaO_Bpara001_12.2mg_MvH_0.4K_10042025.dat,0.666389
2.72496,0.999432,0.0495216,0.4300,DC Moment Free Ctr (emu),12.20,YbZnGaO_Bpara001_12.2mg_MvH_0.4K_10042025.dat,0.670907
2.74997,1.00698,0.0498959,0.4519,DC Moment Free Ctr (emu),12.20,YbZnGaO_Bpara001_12.2mg_MvH_0.4K_10042025.dat,0.676061
2.77496,1.01407,0.0502473,0.4380,DC Moment Free Ctr (emu),12.20,YbZnGaO_Bpara001_12.2mg_MvH_0.4K_10042025.dat,0.681003
2.79996,1.0214,0.0506109,0.4285,DC Moment Free Ctr (emu),12.20,YbZnGaO_Bpara001_12.2mg_MvH_0.4K_10042025.dat,0.685777
2.82497,1.02868,0.0509706,0.4432,DC Moment Free Ctr (emu),12.20,YbZnGaO_Bpara001_12.2mg_MvH_0.4K_10042025.dat,0.69037
2.84997,1.03573,0.0513213,0.4436,DC Moment Free Ctr (emu),12.20,YbZnGaO_Bpara001_12.2mg_MvH_0.4K_10042025.dat,0.695412
2.87499,1.04332,0.0516958,0.4292,DC Moment Free Ctr (emu),12.20,YbZnGaO_Bpara001_12.2mg_MvH_0.4K_10042025.dat,0.699819
2.89995,1.05025,0.0520411,0.4490,DC Moment Free Ctr (emu),12.20,YbZnGaO_Bpara001_12.2mg_MvH_0.4K_10042025.dat,0.705386
2.92496,1.0572,0.0523866,0.4508,DC Moment Free Ctr (emu),12.20,YbZnGaO_Bpara001_12.2mg_MvH_0.4K_10042025.dat,0.709659
2.94996,1.06452,0.0527506,0.4295,DC Moment Free Ctr (emu),12.20,YbZnGaO_Bpara001_12.2mg_MvH_0.4K_10042025.dat,0.714416
2.97495,1.0716,0.0531018,0.4539,DC Moment Free Ctr (emu),12.20,YbZnGaO_Bpara001_12.2mg_MvH_0.4K_10042025.dat,0.719268
2.99998,1.07818,0.0534282,0.4316,DC Moment Free Ctr (emu),12.20,YbZnGaO_Bpara001_12.2mg_MvH_0.4K_10042025.dat,0.723481
3.02496,1.08529,0.0537829,0.4296,DC Moment Free Ctr (emu),12.20,YbZnGaO_Bpara001_12.2mg_MvH_0.4K_10042025.dat,0.728113
3.04998,1.09218,0.0541265,0.4384,DC Moment Free Ctr (emu),12.20,YbZnGaO_Bpara001_12.2mg_MvH_0.4K_10042025.dat,0.732827
3.07496,1.09937,0.0544833,0.4292,DC Moment Free Ctr (emu),12.20,YbZnGaO_Bpara001_12.2mg_MvH_0.4K_10042025.dat,0.738115
3.09996,1.10593,0.0548065,0.4264,DC Moment Free Ctr (emu),12.20,YbZnGaO_Bpara001_12.2mg_MvH_0.4K_10042025.dat,0.742157
3.12496,1.11277,0.0551453,0.4268,DC Moment Free Ctr (emu),12.20,YbZnGaO_Bpara001_12.2mg_MvH_0.4K_10042025.dat,0.747475
3.14995,1.11945,0.0554756,0.4447,DC Moment Free Ctr (emu),12.20,YbZnGaO_Bpara001_12.2mg_MvH_0.4K_10042025.dat,0.751827
3.17495,1.12684,0.0558393,0.4278,DC Moment Free Ctr (emu),12.20,YbZnGaO_Bpara001_12.2mg_MvH_0.4K_10042025.dat,0.756396
3.19995,1.13322,0.0561563,0.4481,DC Moment Free Ctr (emu),12.20,YbZnGaO_Bpara001_12.2mg_MvH_0.4K_10042025.dat,0.761116
3.22498,1.13996,0.0564896,0.4516,DC Moment Free Ctr (emu),12.20,YbZnGaO_Bpara001_12.2mg_MvH_0.4K_10042025.dat,0.765593
3.24997,1.14647,0.0568126,0.4288,DC Moment Free Ctr (emu),12.20,YbZnGaO_Bpara001_12.2mg_MvH_0.4K_10042025.dat,0.76996
3.27495,1.15319,0.0571452,0.4433,DC Moment Free Ctr (emu),12.20,YbZnGaO_Bpara001_12.2mg_MvH_0.4K_10042025.dat,0.774303
3.29997,1.15927,0.0574473,0.4449,DC Moment Free Ctr (emu),12.20,YbZnGaO_Bpara001_12.2mg_MvH_0.4K_10042025.dat,0.778389
3.32495,1.16644,0.057802,0.4426,DC Moment Free Ctr (emu),12.20,YbZnGaO_Bpara001_12.2mg_MvH_0.4K_10042025.dat,0.78373
3.34998,1.17317,0.0581352,0.4274,DC Moment Free Ctr (emu),12.20,YbZnGaO_Bpara001_12.2mg_MvH_0.4K_10042025.dat,0.788063
3.37498,1.17976,0.0584624,0.4483,DC Moment Free Ctr (emu),12.20,YbZnGaO_Bpara001_12.2mg_MvH_0.4K_10042025.dat,0.792596
3.39998,1.18612,0.0587777,0.4488,DC Moment Free Ctr (emu),12.20,YbZnGaO_Bpara001_12.2mg_MvH_0.4K_10042025.dat,0.796667
3.42495,1.19277,0.0591074,0.4299,DC Moment Free Ctr (emu),12.20,YbZnGaO_Bpara001_12.2mg_MvH_0.4K_10042025.dat,0.801175
3.44998,1.19921,0.0594266,0.4466,DC Moment Free Ctr (emu),12.20,YbZnGaO_Bpara001_12.2mg_MvH_0.4K_10042025.dat,0.805623
3.47498,1.20559,0.0597419,0.4513,DC Moment Free Ctr (emu),12.20,YbZnGaO_Bpara001_12.2mg_MvH_0.4K_10042025.dat,0.810011
3.49996,1.21177,0.0600489,0.4299,DC Moment Free Ctr (emu),12.20,YbZnGaO_Bpara001_12.2mg_MvH_0.4K_10042025.dat,0.813719
3.52497,1.21852,0.0603829,0.4276,DC Moment Free Ctr (emu),12.20,YbZnGaO_Bpara001_12.2mg_MvH_0.4K_10042025.dat,0.817673
3.54995,1.22455,0.060684,0.4498,DC Moment Free Ctr (emu),12.20,YbZnGaO_Bpara001_12.2mg_MvH_0.4K_10042025.dat,0.822575
3.57498,1.2307,0.0609881,0.4477,DC Moment Free Ctr (emu),12.20,YbZnGaO_Bpara001_12.2mg_MvH_0.4K_10042025.dat,0.826781
3.59995,1.23675,0.0612881,0.4480,DC Moment Free Ctr (emu),12.20,YbZnGaO_Bpara001_12.2mg_MvH_0.4K_10042025.dat,0.830877
3.62496,1.24288,0.0615924,0.4298,DC Moment Free Ctr (emu),12.20,YbZnGaO_Bpara001_12.2mg_MvH_0.4K_10042025.dat,0.834695
3.64998,1.24948,0.0619197,0.4443,DC Moment Free Ctr (emu),12.20,YbZnGaO_Bpara001_12.2mg_MvH_0.4K_10042025.dat,0.839689
3.67496,1.25533,0.0622096,0.4505,DC Moment Free Ctr (emu),12.20,YbZnGaO_Bpara001_12.2mg_MvH_0.4K_10042025.dat,0.843436
3.69997,1.26118,0.0624995,0.4304,DC Moment Free Ctr (emu),12.20,YbZnGaO_Bpara001_12.2mg_MvH_0.4K_10042025.dat,0.847288
3.72496,1.2673,0.0628032,0.4504,DC Moment Free Ctr (emu),12.20,YbZnGaO_Bpara001_12.2mg_MvH_0.4K_10042025.dat,0.851771
3.74996,1.27256,0.0630632,0.4529,DC Moment Free Ctr (emu),12.20,YbZnGaO_Bpara001_12.2mg_MvH_0.4K_10042025.dat,0.855097
3.77496,1.2789,0.0633772,0.4311,DC Moment Free Ctr (emu),12.20,YbZnGaO_Bpara001_12.2mg_MvH_0.4K_10042025.dat,0.859621
3.79997,1.28516,0.0636853,0.4286,DC Moment Free Ctr (emu),12.20,YbZnGaO_Bpara001_12.2mg_MvH_0.4K_10042025.dat,0.863262
3.82496,1.29086,0.0639703,0.4499,DC Moment Free Ctr (emu),12.20,YbZnGaO_Bpara001_12.2mg_MvH_0.4K_10042025.dat,0.867543
3.84997,1.29645,0.0642475,0.4530,DC Moment Free Ctr (emu),12.20,YbZnGaO_Bpara001_12.2mg_MvH_0.4K_10042025.dat,0.871228
3.87496,1.30203,0.0645242,0.4469,DC Moment Free Ctr (emu),12.20,YbZnGaO_Bpara001_12.2mg_MvH_0.4K_10042025.dat,0.875147
3.89997,1.3078,0.0648098,0.4530,DC Moment Free Ctr (emu),12.20,YbZnGaO_Bpara001_12.2mg_MvH_0.4K_10042025.dat,0.879251
3.92497,1.31313,0.0650739,0.4502,DC Moment Free Ctr (emu),12.20,YbZnGaO_Bpara001_12.2mg_MvH_0.4K_10042025.dat,0.882425
3.94997,1.31867,0.0653484,0.4532,DC Moment Free Ctr (emu),12.20,YbZnGaO_Bpara001_12.2mg_MvH_0.4K_10042025.dat,0.886298
3.97498,1.32432,0.0656296,0.4320,DC Moment Free Ctr (emu),12.20,YbZnGaO_Bpara001_12.2mg_MvH_0.4K_10042025.dat,0.890398
3.99995,1.32988,0.0659048,0.4507,DC Moment Free Ctr (emu),12.20,YbZnGaO_Bpara001_12.2mg_MvH_0.4K_10042025.dat,0.894026
4.02496,1.3352,0.0661685,0.4501,DC Moment Free Ctr (emu),12.20,YbZnGaO_Bpara001_12.2mg_MvH_0.4K_10042025.dat,0.897691
4.04998,1.34067,0.0664395,0.4317,DC Moment Free Ctr (emu),12.20,YbZnGaO_Bpara001_12.2mg_MvH_0.4K_10042025.dat,0.901438
4.07496,1.34615,0.0667107,0.4533,DC Moment Free Ctr (emu),12.20,YbZnGaO_Bpara001_12.2mg_MvH_0.4K_10042025.dat,0.905211
4.09997,1.35119,0.0669606,0.4516,DC Moment Free Ctr (emu),12.20,YbZnGaO_Bpara001_12.2mg_MvH_0.4K_10042025.dat,0.908363
4.12496,1.35631,0.0672136,0.4309,DC Moment Free Ctr (emu),12.20,YbZnGaO_Bpara001_12.2mg_MvH_0.4K_10042025.dat,0.911722
4.14997,1.36156,0.0674752,0.4531,DC Moment Free Ctr (emu),12.20,YbZnGaO_Bpara001_12.2mg_MvH_0.4K_10042025.dat,0.915411
4.17497,1.36666,0.0677281,0.4541,DC Moment Free Ctr (emu),12.20,YbZnGaO_Bpara001_12.2mg_MvH_0.4K_10042025.dat,0.918628
4.19996,1.37163,0.067976,0.4491,DC Moment Free Ctr (emu),12.20,YbZnGaO_Bpara001_12.2mg_MvH_0.4K_10042025.dat,0.921791
4.22496,1.3766,0.0682219,0.4317,DC Moment Free Ctr (emu),12.20,YbZnGaO_Bpara001_12.2mg_MvH_0.4K_10042025.dat,0.925165
4.24995,1.38155,0.0684685,0.4433,DC Moment Free Ctr (emu),12.20,YbZnGaO_Bpara001_12.2mg_MvH_0.4K_10042025.dat,0.928903
4.27497,1.38661,0.0687195,0.4296,DC Moment Free Ctr (emu),12.20,YbZnGaO_Bpara001_12.2mg_MvH_0.4K_10042025.dat,0.932532
4.29996,1.3912,0.0689469,0.4369,DC Moment Free Ctr (emu),12.20,YbZnGaO_Bpara001_12.2mg_MvH_0.4K_10042025.dat,0.935645
4.32496,1.39613,0.0691907,0.4470,DC Moment Free Ctr (emu),12.20,YbZnGaO_Bpara001_12.2mg_MvH_0.4K_10042025.dat,0.939331
4.34996,1.4007,0.0694169,0.4527,DC Moment Free Ctr (emu),12.20,YbZnGaO_Bpara001_12.2mg_MvH_0.4K_10042025.dat,0.942469
4.37495,1.4052,0.0696402,0.4452,DC Moment Free Ctr (emu),12.20,YbZnGaO_Bpara001_12.2mg_MvH_0.4K_10042025.dat,0.944714
4.39996,1.40977,0.0698672,0.4473,DC Moment Free Ctr (emu),12.20,YbZnGaO_Bpara001_12.2mg_MvH_0.4K_10042025.dat,0.948321
4.42499,1.41428,0.070092,0.4400,DC Moment Free Ctr (emu),12.20,YbZnGaO_Bpara001_12.2mg_MvH_0.4K_10042025.dat,0.951473
4.44996,1.41888,0.0703199,0.4463,DC Moment Free Ctr (emu),12.20,YbZnGaO_Bpara001_12.2mg_MvH_0.4K_10042025.dat,0.95457
4.47495,1.42316,0.0705322,0.4387,DC Moment Free Ctr (emu),12.20,YbZnGaO_Bpara001_12.2mg_MvH_0.4K_10042025.dat,0.957432
4.49998,1.42782,0.0707632,0.4386,DC Moment Free Ctr (emu),12.20,YbZnGaO_Bpara001_12.2mg_MvH_0.4K_10042025.dat,0.96066
4.52496,1.43183,0.0709627,0.4385,DC Moment Free Ctr (emu),12.20,YbZnGaO_Bpara001_12.2mg_MvH_0.4K_10042025.dat,0.963192
4.54995,1.43628,0.0711839,0.4291,DC Moment Free Ctr (emu),12.20,YbZnGaO_Bpara001_12.2mg_MvH_0.4K_10042025.dat,0.966327
4.57498,1.44025,0.0713811,0.4443,DC Moment Free Ctr (emu),12.20,YbZnGaO_Bpara001_12.2mg_MvH_0.4K_10042025.dat,0.969575
4.59995,1.44433,0.0715828,0.4298,DC Moment Free Ctr (emu),12.20,YbZnGaO_Bpara001_12.2mg_MvH_0.4K_10042025.dat,0.971879
4.62495,1.44829,0.0717789,0.4472,DC Moment Free Ctr (emu),12.20,YbZnGaO_Bpara001_12.2mg_MvH_0.4K_10042025.dat,0.974677
4.64996,1.45223,0.0719738,0.4305,DC Moment Free Ctr (emu),12.20,YbZnGaO_Bpara001_12.2mg_MvH_0.4K_10042025.dat,0.977274
4.67495,1.45631,0.0721765,0.4530,DC Moment Free Ctr (emu),12.20,YbZnGaO_Bpara001_12.2mg_MvH_0.4K_10042025.dat,0.980034
4.69997,1.46035,0.0723766,0.4543,DC Moment Free Ctr (emu),12.20,YbZnGaO_Bpara001_12.2mg_MvH_0.4K_10042025.dat,0.982985
4.72497,1.46387,0.0725516,0.4300,DC Moment Free Ctr (emu),12.20,YbZnGaO_Bpara001_12.2mg_MvH_0.4K_10042025.dat,0.985294
4.74998,1.46752,0.0727316,0.4409,DC Moment Free Ctr (emu),12.20,YbZnGaO_Bpara001_12.2mg_MvH_0.4K_10042025.dat,0.987815
4.77497,1.47048,0.0728783,0.4411,DC Moment Free Ctr (emu),12.20,YbZnGaO_Bpara001_12.2mg_MvH_0.4K_10042025.dat,0.989638
4.79998,1.47502,0.0731044,0.4422,DC Moment Free Ctr (emu),12.20,YbZnGaO_Bpara001_12.2mg_MvH_0.4K_10042025.dat,0.993099
4.82495,1.47858,0.0732808,0.4376,DC Moment Free Ctr (emu),12.20,YbZnGaO_Bpara001_12.2mg_MvH_0.4K_10042025.dat,0.995708
4.84998,1.48223,0.0734625,0.4391,DC Moment Free Ctr (emu),12.20,YbZnGaO_Bpara001_12.2mg_MvH_0.4K_10042025.dat,0.997856
4.87498,1.48569,0.0736333,0.4297,DC Moment Free Ctr (emu),12.20,YbZnGaO_Bpara001_12.2mg_MvH_0.4K_10042025.dat,1.00038
4.89998,1.48914,0.0738042,0.4528,DC Moment Free Ctr (emu),12.20,YbZnGaO_Bpara001_12.2mg_MvH_0.4K_10042025.dat,1.00274
4.92496,1.49238,0.0739651,0.4295,DC Moment Free Ctr (emu),12.20,YbZnGaO_Bpara001_12.2mg_MvH_0.4K_10042025.dat,1.00527
4.94997,1.49569,0.0741287,0.4376,DC Moment Free Ctr (emu),12.20,YbZnGaO_Bpara001_12.2mg_MvH_0.4K_10042025.dat,1.0071
4.97498,1.49882,0.0742844,0.4439,DC Moment Free Ctr (emu),12.20,YbZnGaO_Bpara001_12.2mg_MvH_0.4K_10042025.dat,1.00913
4.99995,1.50213,0.0744492,0.4399,DC Moment Free Ctr (emu),12.20,YbZnGaO_Bpara001_12.2mg_MvH_0.4K_10042025.dat,1.01162
5.02497,1.5054,0.0746113,0.4374,DC Moment Free Ctr (emu),12.20,YbZnGaO_Bpara001_12.2mg_MvH_0.4K_10042025.dat,1.01366
5.04998,1.50882,0.0747797,0.4377,DC Moment Free Ctr (emu),12.20,YbZnGaO_Bpara001_12.2mg_MvH_0.4K_10042025.dat,1.01587
5.07495,1.51147,0.0749133,0.4404,DC Moment Free Ctr (emu),12.20,YbZnGaO_Bpara001_12.2mg_MvH_0.4K_10042025.dat,1.01769
5.09996,1.51441,0.0750587,0.4290,DC Moment Free Ctr (emu),12.20,YbZnGaO_Bpara001_12.2mg_MvH_0.4K_10042025.dat,1.0204
5.12497,1.51742,0.0752073,0.4428,DC Moment Free Ctr (emu),12.20,YbZnGaO_Bpara001_12.2mg_MvH_0.4K_10042025.dat,1.02208
5.14997,1.52053,0.0753616,0.4286,DC Moment Free Ctr (emu),12.20,YbZnGaO_Bpara001_12.2mg_MvH_0.4K_10042025.dat,1.02431
5.17495,1.52348,0.0755089,0.4484,DC Moment Free Ctr (emu),12.20,YbZnGaO_Bpara001_12.2mg_MvH_0.4K_10042025.dat,1.0261
5.19996,1.52611,0.0756394,0.4285,DC Moment Free Ctr (emu),12.20,YbZnGaO_Bpara001_12.2mg_MvH_0.4K_10042025.dat,1.02812
5.22497,1.52882,0.0757746,0.4273,DC Moment Free Ctr (emu),12.20,YbZnGaO_Bpara001_12.2mg_MvH_0.4K_10042025.dat,1.03012
5.24997,1.53172,0.0759185,0.4523,DC Moment Free Ctr (emu),12.20,YbZnGaO_Bpara001_12.2mg_MvH_0.4K_10042025.dat,1.03195
5.27497,1.53446,0.0760551,0.4536,DC Moment Free Ctr (emu),12.20,YbZnGaO_Bpara001_12.2mg_MvH_0.4K_10042025.dat,1.03385
5.29997,1.53693,0.0761781,0.4411,DC Moment Free Ctr (emu),12.20,YbZnGaO_Bpara001_12.2mg_MvH_0.4K_10042025.dat,1.03556
5.32495,1.53931,0.0762973,0.4293,DC Moment Free Ctr (emu),12.20,YbZnGaO_Bpara001_12.2mg_MvH_0.4K_10042025.dat,1.0372
5.34996,1.54207,0.0764332,0.4455,DC Moment Free Ctr (emu),12.20,YbZnGaO_Bpara001_12.2mg_MvH_0.4K_10042025.dat,1.03946
5.37496,1.54447,0.0765533,0.4464,DC Moment Free Ctr (emu),12.20,YbZnGaO_Bpara001_12.2mg_MvH_0.4K_10042025.dat,1.04078
5.39996,1.5472,0.0766882,0.4465,DC Moment Free Ctr (emu),12.20,YbZnGaO_Bpara001_12.2mg_MvH_0.4K_10042025.dat,1.0433
5.42497,1.54953,0.0768029,0.4477,DC Moment Free Ctr (emu),12.20,YbZnGaO_Bpara001_12.2mg_MvH_0.4K_10042025.dat,1.04458
5.44997,1.55199,0.0769256,0.4304,DC Moment Free Ctr (emu),12.20,YbZnGaO_Bpara001_12.2mg_MvH_0.4K_10042025.dat,1.04568
5.47497,1.55422,0.077038,0.4511,DC Moment Free Ctr (emu),12.20,YbZnGaO_Bpara001_12.2mg_MvH_0.4K_10042025.dat,1.04769
5.49997,1.55666,0.0771603,0.4387,DC Moment Free Ctr (emu),12.20,YbZnGaO_Bpara001_12.2mg_MvH_0.4K_10042025.dat,1.04979
5.52496,1.55895,0.0772751,0.4278,DC Moment Free Ctr (emu),12.20,YbZnGaO_Bpara001_12.2mg_MvH_0.4K_10042025.dat,1.05121
5.54997,1.56093,0.0773737,0.4446,DC Moment Free Ctr (emu),12.20,YbZnGaO_Bpara001_12.2mg_MvH_0.4K_10042025.dat,1.05249
5.57497,1.56312,0.0774828,0.4363,DC Moment Free Ctr (emu),12.20,YbZnGaO_Bpara001_12.2mg_MvH_0.4K_10042025.dat,1.05432
5.59997,1.56543,0.0775969,0.4381,DC Moment Free Ctr (emu),12.20,YbZnGaO_Bpara001_12.2mg_MvH_0.4K_10042025.dat,1.05594
5.62496,1.56778,0.0777131,0.4364,DC Moment Free Ctr (emu),12.20,YbZnGaO_Bpara001_12.2mg_MvH_0.4K_10042025.dat,1.05755
5.64997,1.56999,0.0778231,0.4369,DC Moment Free Ctr (emu),12.20,YbZnGaO_Bpara001_12.2mg_MvH_0.4K_10042025.dat,1.05927
5.67496,1.57216,0.0779298,0.4385,DC Moment Free Ctr (emu),12.20,YbZnGaO_Bpara001_12.2mg_MvH_0.4K_10042025.dat,1.06043
5.69996,1.57427,0.0780339,0.4430,DC Moment Free Ctr (emu),12.20,YbZnGaO_Bpara001_12.2mg_MvH_0.4K_10042025.dat,1.06205
5.72496,1.57628,0.0781327,0.4447,DC Moment Free Ctr (emu),12.20,YbZnGaO_Bpara001_12.2mg_MvH_0.4K_10042025.dat,1.06356
5.74997,1.57821,0.0782288,0.4364,DC Moment Free Ctr (emu),12.20,YbZnGaO_Bpara001_12.2mg_MvH_0.4K_10042025.dat,1.06477
5.77499,1.58029,0.0783318,0.4413,DC Moment Free Ctr (emu),12.20,YbZnGaO_Bpara001_12.2mg_MvH_0.4K_10042025.dat,1.06627
5.79996,1.58226,0.0784276,0.4408,DC Moment Free Ctr (emu),12.20,YbZnGaO_Bpara001_12.2mg_MvH_0.4K_10042025.dat,1.0675
5.82497,1.58422,0.0785254,0.4442,DC Moment Free Ctr (emu),12.20,YbZnGaO_Bpara001_12.2mg_MvH_0.4K_10042025.dat,1.06936
5.84997,1.58622,0.0786235,0.4297,DC Moment Free Ctr (emu),12.20,YbZnGaO_Bpara001_12.2mg_MvH_0.4K_10042025.dat,1.07032
5.87497,1.58799,0.0787115,0.4434,DC Moment Free Ctr (emu),12.20,YbZnGaO_Bpara001_12.2mg_MvH_0.4K_10042025.dat,1.07153
5.89995,1.58993,0.0788071,0.4429,DC Moment Free Ctr (emu),12.20,YbZnGaO_Bpara001_12.2mg_MvH_0.4K_10042025.dat,1.07295
5.92496,1.59177,0.0788989,0.4486,DC Moment Free Ctr (emu),12.20,YbZnGaO_Bpara001_12.2mg_MvH_0.4K_10042025.dat,1.07454
5.94995,1.59359,0.0789894,0.4493,DC Moment Free Ctr (emu),12.20,YbZnGaO_Bpara001_12.2mg_MvH_0.4K_10042025.dat,1.07546
5.97497,1.59535,0.0790779,0.4445,DC Moment Free Ctr (emu),12.20,YbZnGaO_Bpara001_12.2mg_MvH_0.4K_10042025.dat,1.07676
5.99996,1.59695,0.0791567,0.4506,DC Moment Free Ctr (emu),12.20,YbZnGaO_Bpara001_12.2mg_MvH_0.4K_10042025.dat,1.07834
6.02499,1.59871,0.0792429,0.4345,DC Moment Free Ctr (emu),12.20,YbZnGaO_Bpara001_12.2mg_MvH_0.4K_10042025.dat,1.07907
6.04997,1.60051,0.0793326,0.4518,DC Moment Free Ctr (emu),12.20,YbZnGaO_Bpara001_12.2mg_MvH_0.4K_10042025.dat,1.08033
6.07496,1.60213,0.0794131,0.4507,DC Moment Free Ctr (emu),12.20,YbZnGaO_Bpara001_12.2mg_MvH_0.4K_10042025.dat,1.08172
6.09998,1.6038,0.0794963,0.4355,DC Moment Free Ctr (emu),12.20,YbZnGaO_Bpara001_12.2mg_MvH_0.4K_10042025.dat,1.08304
6.12496,1.60552,0.0795816,0.4564,DC Moment Free Ctr (emu),12.20,YbZnGaO_Bpara001_12.2mg_MvH_0.4K_10042025.dat,1.08416
6.14996,1.60718,0.0796646,0.4576,DC Moment Free Ctr (emu),12.20,YbZnGaO_Bpara001_12.2mg_MvH_0.4K_10042025.dat,1.08501
6.17496,1.60856,0.0797329,0.4436,DC Moment Free Ctr (emu),12.20,YbZnGaO_Bpara001_12.2mg_MvH_0.4K_10042025.dat,1.08634
6.19997,1.61017,0.0798128,0.4407,DC Moment Free Ctr (emu),12.20,YbZnGaO_Bpara001_12.2mg_MvH_0.4K_10042025.dat,1.0872
6.22495,1.61175,0.0798925,0.4392,DC Moment Free Ctr (emu),12.20,YbZnGaO_Bpara001_12.2mg_MvH_0.4K_10042025.dat,1.08812
6.24998,1.61325,0.0799681,0.4299,DC Moment Free Ctr (emu),12.20,YbZnGaO_Bpara001_12.2mg_MvH_0.4K_10042025.dat,1.08916
6.27497,1.61479,0.0800459,0.4534,DC Moment Free Ctr (emu),12.20,YbZnGaO_Bpara001_12.2mg_MvH_0.4K_10042025.dat,1.09043
6.29999,1.61634,0.0801222,0.4311,DC Moment Free Ctr (emu),12.20,YbZnGaO_Bpara001_12.2mg_MvH_0.4K_10042025.dat,1.09153
6.32497,1.61795,0.0802013,0.4375,DC Moment Free Ctr (emu),12.20,YbZnGaO_Bpara001_12.2mg_MvH_0.4K_10042025.dat,1.09284
6.34995,1.61926,0.080266,0.4373,DC Moment Free Ctr (emu),12.20,YbZnGaO_Bpara001_12.2mg_MvH_0.4K_10042025.dat,1.09354
6.37498,1.62078,0.0803421,0.4294,DC Moment Free Ctr (emu),12.20,YbZnGaO_Bpara001_12.2mg_MvH_0.4K_10042025.dat,1.09498
6.39997,1.62216,0.0804103,0.4529,DC Moment Free Ctr (emu),12.20,YbZnGaO_Bpara001_12.2mg_MvH_0.4K_10042025.dat,1.09556
6.42495,1.6236,0.0804822,0.4299,DC Moment Free Ctr (emu),12.20,YbZnGaO_Bpara001_12.2mg_MvH_0.4K_10042025.dat,1.09682
6.44998,1.62521,0.080562,0.4280,DC Moment Free Ctr (emu),12.20,YbZnGaO_Bpara001_12.2mg_MvH_0.4K_10042025.dat,1.09793
6.47498,1.62639,0.0806216,0.4380,DC Moment Free Ctr (emu),12.20,YbZnGaO_Bpara001_12.2mg_MvH_0.4K_10042025.dat,1.09843
6.49996,1.62757,0.0806828,0.4437,DC Moment Free Ctr (emu),12.20,YbZnGaO_Bpara001_12.2mg_MvH_0.4K_10042025.dat,1.09922
6.52499,1.62894,0.0807505,0.4378,DC Moment Free Ctr (emu),12.20,YbZnGaO_Bpara001_12.2mg_MvH_0.4K_10042025.dat,1.10076
6.54998,1.63043,0.0808234,0.4398,DC Moment Free Ctr (emu),12.20,YbZnGaO_Bpara001_12.2mg_MvH_0.4K_10042025.dat,1.10177
6.57496,1.63187,0.0808929,0.4390,DC Moment Free Ctr (emu),12.20,YbZnGaO_Bpara001_12.2mg_MvH_0.4K_10042025.dat,1.10312
6.59998,1.63304,0.0809498,0.4394,DC Moment Free Ctr (emu),12.20,YbZnGaO_Bpara001_12.2mg_MvH_0.4K_10042025.dat,1.10314
6.62497,1.6344,0.0810176,0.4485,DC Moment Free Ctr (emu),12.20,YbZnGaO_Bpara001_12.2mg_MvH_0.4K_10042025.dat,1.1044
6.64997,1.63556,0.0810767,0.4308,DC Moment Free Ctr (emu),12.20,YbZnGaO_Bpara001_12.2mg_MvH_0.4K_10042025.dat,1.10542
6.67494,1.6367,0.0811334,0.4457,DC Moment Free Ctr (emu),12.20,YbZnGaO_Bpara001_12.2mg_MvH_0.4K_10042025.dat,1.10589
6.69997,1.63807,0.0812,0.4409,DC Moment Free Ctr (emu),12.20,YbZnGaO_Bpara001_12.2mg_MvH_0.4K_10042025.dat,1.10693
6.72496,1.63934,0.0812638,0.4410,DC Moment Free Ctr (emu),12.20,YbZnGaO_Bpara001_12.2mg_MvH_0.4K_10042025.dat,1.10732
6.74997,1.64047,0.0813223,0.4383,DC Moment Free Ctr (emu),12.20,YbZnGaO_Bpara001_12.2mg_MvH_0.4K_10042025.dat,1.10838
6.77497,1.64185,0.0813904,0.4374,DC Moment Free Ctr (emu),12.20,YbZnGaO_Bpara001_12.2mg_MvH_0.4K_10042025.dat,1.10974
6.79998,1.64302,0.0814473,0.4406,DC Moment Free Ctr (emu),12.20,YbZnGaO_Bpara001_12.2mg_MvH_0.4K_10042025.dat,1.11015
6.82496,1.64424,0.0815089,0.4380,DC Moment Free Ctr (emu),12.20,YbZnGaO_Bpara001_12.2mg_MvH_0.4K_10042025.dat,1.11119
6.84998,1.64543,0.0815671,0.4290,DC Moment Free Ctr (emu),12.20,YbZnGaO_Bpara001_12.2mg_MvH_0.4K_10042025.dat,1.11208
6.87497,1.64664,0.0816267,0.4270,DC Moment Free Ctr (emu),12.20,YbZnGaO_Bpara001_12.2mg_MvH_0.4K_10042025.dat,1.11317
6.89996,1.64766,0.081677,0.4424,DC Moment Free Ctr (emu),12.20,YbZnGaO_Bpara001_12.2mg_MvH_0.4K_10042025.dat,1.11361
6.92495,1.64892,0.081739,0.4477,DC Moment Free Ctr (emu),12.20,YbZnGaO_Bpara001_12.2mg_MvH_0.4K_10042025.dat,1.11441
6.94997,1.6501,0.081798,0.4418,DC Moment Free Ctr (emu),12.20,YbZnGaO_Bpara001_12.2mg_MvH_0.4K_10042025.dat,1.11522
6.97498,1.65116,0.0818507,0.4436,DC Moment Free Ctr (emu),12.20,YbZnGaO_Bpara001_12.2mg_MvH_0.4K_10042025.dat,1.11615
6.99995,1.65235,0.0819103,0.4381,DC Moment Free Ctr (emu),12.20,YbZnGaO_Bpara001_12.2mg_MvH_0.4K_10042025.dat,1.11721
